year,built_prop,built_prop,built_prop,built_prop,veg_prop,veg_prop,veg_prop,veg_prop,water_prop,water_prop,water_prop,water_prop,other_prop,other_prop,other_prop,other_prop,valid_frac,valid_frac,valid_frac,valid_frac
,mean,std,min,max,mean,std,min,max,mean,std,min,max,mean,std,min,max,mean,std,min,max
2020,0.21767068225635156,0.3274972902082629,0.0,1.0,0.7610148188466753,0.33599128779594195,0.0,1.0,0.0054284531283276755,0.05692212628472618,0.0,1.0,0.01588604576864545,0.06647311782226306,0.0,1.0,0.8178257044605481,0.06431219275426885,0.008264462809917356,0.9090909090909091
2021,0.23119364482100077,0.3436426296439336,0.0,1.0,0.7612444036290399,0.3479593076122061,0.0,1.0,0.00568375444893708,0.05797945720816258,0.0,1.0,0.001878197101022254,0.02613523181105536,0.0,0.99,0.8187729510634575,0.061784912507182266,0.008264462809917356,0.9090909090909091
